cardType,cardNumber,cardHolder,cardExpiration,iban,swiftBicNumber
JCB,3589102423381638,Mr. Garfield Hirthe,08/24,NG30878135415582450773666524,MBLTBASN
MasterCard,2607816464567686,Kaylee D'Amore,07/23,KG23620449111615898489251257,PMYZKO1LP6K
Visa,4024007169589321,Karli Runolfsdottir,02/25,QA92927756820743019750824525,CDYAXTQV
American Express,378353704758835,Kolby Stehr,11/23,TN3014811887369967315403,FVMVXDBPRER
MasterCard,2633344457870684,Elias Hahn,08/24,MX17328351029625379828742193,DXKGTBYWC1Q
Visa,4532409670092016,Miss Janelle Brown,11/23,TC26304104944767180990682689,VTXLZQN5NVP
Visa Retired,4916573055558,Ms. Yvonne Langosh DVM,07/23,BS67122392242143363737735611,GRXZWPV1
Discover Card,6011445672670776,Dr. Elissa Parisian,03/23,GQ05906262411689879066628659,NREKUQWOCZC
MasterCard,2643486664442175,Neal Torphy,03/23,BZ60678036204695684416168902,ETSUJP32
Visa Retired,4539342908749,Mr. Casimer Roberts Jr.,04/23,NO7330780661757,ZDVAYIHG
Discover Card,6011249163281360,Jackie Beer,12/23,AL4978781871ORO1AI1675L3L8Q7,KBYYDIOX82Z
Visa,4532578455891899,Triston Waters,11/25,KZ88803S28LGCRQE7G09,AIPJLI3B51N
Visa,4916533121521509,Prof. Fernando Fadel III,10/23,BT72346634904334462127144806,PHNYPW0J7Q6
JCB,3589718181015264,Candace Powlowski,10/25,GH70243833515267244484541372,TSDMPP27
MasterCard,5306834502354287,Freida Witting Jr.,02/25,CV08785182495024055597863515,DYZCWYW2DBE
JCB,3528243540053058,Jarvis Heidenreich,05/24,RW23728765060020851804055980,OKZLOFZ6FAO
American Express,371321604598426,August Watsica,09/25,SD44466903363822956183924152,DMQWMJWNC8V
Visa,4024007133743509,Charity Bayer DDS,07/25,LA78989973024290263818312615,ZFRTCEG4AXO
MasterCard,5563277519502100,Mylene Durgan III,07/24,CM18252290453652526865682453,TRPJRAEV
Visa,4024007169944104,Donald Mayer,10/23,BW28413322093058638138187805,DPFREPHG
Visa,4916750107633575,Prof. Erick Lakin,05/25,FO08764830041627008307826593,ENAFDZAJ
MasterCard,2469863244542552,Cleve Hane Sr.,12/23,BS08627736080313337391284537,MGOMKANG
MasterCard,2512820741883993,Bradly Runte,11/24,KZ13397QG66J9K3CNU77,MONADM5RRBO
Visa,4539735114157483,Dr. Adonis Crist,09/23,BW98292310556217495541117755,RFUYHXZM
Discover Card,6011453514549729,Prof. Missouri Willms III,10/24,GI45BDUJ244B30563QP1LZ6,YSKDRMMHSIT
MasterCard,5287068815109327,Mariela Kub MD,10/25,SD22333013742092119420357428,OXFCBY6K
MasterCard,5224957503017055,Abe King,11/24,TJ78717597555604161668019184,WVCKRDND
Discover Card,6011280096084183,Mr. Clint Dibbert,12/23,ME37378390950959511720,QTHVUTG59NN
MasterCard,2637623295579888,Linda Runte,11/23,DM24986123319206653583328361,QMZZFX4JEC6
Visa,4716733635388583,Felipe Luettgen,09/23,PT48351291260189690630597,YSMOTFX2
MasterCard,5485305130858133,Prof. Dejah Raynor,12/23,FK72806125744847479511350683,KRUENIHSQLA
MasterCard,2545965556592410,Benjamin Renner,07/25,MN45376219911491752843446947,LIQSIX0P
Visa,4532814102663096,Augusta Smith,01/23,PT38260003938358513012950,EOYRNZAC
Visa Retired,4916893926363,Lavonne Von,05/23,SG25053196742461629361983324,GPZINJY0ZGY
Visa,4716550330277881,Berenice Dickens,07/25,HU37923227965654252911226879,GMTFTJGS9JG
Visa,4532521677955167,Evelyn Barton,03/23,MZ93536344488405137900382623,DNZXDTON
MasterCard,2600218706726690,Marvin Fadel Sr.,03/23,WF12398739446219786325005344,KITXULC87PU
Visa,4556699369423362,Edmond Bosco,05/23,EG513404144339943594139600656,KXLWLJAU
MasterCard,2720224552630015,Aniyah O'Keefe,07/23,AD7665521697Q43U3Y347CWA,JGJDUMJRINA
MasterCard,2221828903557570,Marquise Boyer,10/24,ST07629356633272469397961451,CXBANSXNS8Y
Visa,4992949882260896,Ms. Astrid Adams,02/23,ZM96369238250535069788832164,RAMUYCJ5
MasterCard,5529826442314885,Marcel Waters,07/24,FO28491032417867211294573164,EJLVRIC3QUG
Visa,4366681273264801,Carmen Haley,09/23,GH47228743518175809926703332,MRESCOOM
MasterCard,5531633582561648,Ona Dooley,07/23,ST71622242775286189820484862,EDNAFAR98OK
MasterCard,5388481240511777,Ulices Gislason,10/24,NE61392228540990112279040412,JKFJYZPSE5G
JCB,3528779332246400,Dr. Amelie Sporer DDS,02/23,LI315558016A1543056H2,JXSQDYC9FFJ
American Express,345236992281729,Chelsey Stroman I,05/25,PL49624087484624269372644732,CVACINA3EAK
Visa,4556651183943596,Sydnie Kertzmann,02/24,IL827475009725106485598,UHODPJ1M
MasterCard,5104696627686586,Monte Bechtelar,05/24,NG49174952484641649698489567,VWPFGSIL
JCB,3589379811369793,Felipe Bailey,10/23,VN49287386378958272689306147,JCXCLSHA
MasterCard,5299429085915411,Elsa Grimes I,02/25,TW22105919747198845246032706,KUOHVMJT9RZ
American Express,345533854175282,Cooper Gulgowski,05/25,KI42329262035452656750214629,CSSYEADV
Visa,4539199097941118,Eloise Nicolas,12/22,LS17156916752463047190154716,CULYDMCF1ZT
Visa,4916196885062407,Isom Jones,11/22,AR06784197610041017586129028,XITZSHFH
Visa,4916665530456834,Dell Ratke V,09/23,MD71E1B34UY1GBJ0351671VK,XKXIKE2H
MasterCard,2720535264220138,Celestine Quigley II,09/25,LC92973457346857568838918964,MCEZKP15
MasterCard,2661665353331750,Graciela Johnson Jr.,03/23,LB652571972958KRE258K7NJAAPJ,DNPLBNO6BOK
Visa Retired,4716922591174,Annabelle Stamm,05/24,VA23515826882251058564881832,JTTJLGPG
American Express,341926722295114,Mrs. Ebba Carroll Sr.,10/24,SZ29374381895485079290817780,RZFNRYF62VQ
MasterCard,5166829197917702,Ken Weissnat,07/25,MG04613055548764710393781309,DJVAUK4N
MasterCard,5323280041735108,Augusta Rogahn,01/23,GH21202359938004832212269335,GQEWXP7K
Visa,4485297309283115,Mr. Garrick Paucek DDS,05/24,FM65946911465443318616665864,LQEPNMB2
Visa,4716953561150993,Abagail Jacobi PhD,07/24,SV70116674198855111729398997,CRHSLW1G
MasterCard,5430476323996224,Prof. Jamil Ebert,03/23,CR38972055466684501689,ABWGKGSAQIW
Discover Card,6011209913995610,Abbie Stark,12/23,SD54404278478845540652488841,YMMMNT4A
Visa,4539241232256356,Trinity Cartwright,07/25,TW78994562393142334746066732,CUWVRP2GD8B
Visa,4929789236602361,Zion Douglas I,10/24,FJ02061429739564336717455763,UJASZDYBVA9
American Express,341152472880498,Ressie Dare,07/23,BM21931419171677553092121443,VNYSLRC96X6
Visa,4024007197715930,Suzanne Reynolds DDS,12/24,RS73277636985366962966,JZRADGJKJFB
Visa,4556101590768186,Gustave Tremblay,02/23,EG264715366742652331071153953,OQNIXNETMI4
MasterCard,2468977480950948,Clifton Swift,08/24,LI6161636QC0MEA7M9W8T,BZXUUBMVILR
Visa,4929256488897750,Ms. Zella VonRueden DDS,02/23,ER70894415810255475445542462,FSXMABVE
Visa,4556736369542047,Miss Nia Dooley Jr.,10/23,NA21310467541636045071236145,XBETZL6989F
Visa,4539898328374334,Miss Fleta Hartmann Sr.,10/23,WS23536940571601743970858690,ALQHZQ3F
MasterCard,5188606440341169,Alaina Ward PhD,01/25,MR6182573803921241042834375,OHNAMHFE8GQ
MasterCard,2663929814388066,Prof. Elisha Mayert Jr.,07/25,ZA71896585080587985739669057,CMBSCGRSUHB
MasterCard,2670660221224955,Prof. Adelle Mann DDS,01/24,MG76234477545199554403381207,MGMCTA5V9Y3
Visa,4071002241761719,Mrs. Emmanuelle Parker III,08/25,KR39685073183311767279332193,FMMOYJKQ
American Express,347248579097574,Dena Kutch,09/23,IM66616628278710850550927084,EDSPNAAA
JCB,3528937495166555,Hipolito Powlowski,04/25,GN66466919133159959955493203,VGDLQS6K09Q
MasterCard,5369707164776167,Trystan Kshlerin,10/25,PR49577646194701098092614681,SGBMQFI6IEN
MasterCard,2446517815392023,Simeon Nicolas,06/25,AG40129583597504148828722583,LLVJGBASO38
MasterCard,2448607550962615,Santa Bauch,10/24,BL78206724311583963050323087,HZVHIILP
Visa,4556208012498837,Etha Nienow MD,10/24,DZ64902321698342012658011822,KPJFUHI3
MasterCard,5556041067147364,Jennie Gottlieb,11/24,BO14205759168566352266404544,LFATPJGP
MasterCard,5346637981452593,Ferne Mayer,06/25,JP74709552709135263889437219,ZASCEDQ8
Visa,4485742810877772,Dr. Terence Purdy,08/24,AS83058980884496075877280199,GZIXUO64XSQ
Visa Retired,4024007174085,Arnold Kihn V,04/25,UY09560834844889177896682162,ULXGBSKW
Visa,4485495085059515,Prof. Florence Strosin,01/23,VU54879718128900780205492953,CAQSRG85TCE
MasterCard,5160866186615802,Dr. Blaise Brakus PhD,05/23,VI79650569475769634527834417,WWEBGLL6
JCB,3528921451545374,Anthony Denesik,09/25,KM73166326679468022422874376,TDAMRGL0
Visa,4556023640407971,Barton Wuckert,12/22,MD57D753LGY78AUE8LXSB467,KVVQUTPC
MasterCard,2535843934238513,Jessica Green,10/24,TK39736592239432686580937096,GIKAJL4XO3M
Visa Retired,4532492297963,Miss Rebecca Rempel IV,03/23,VU17408532522888745096498305,VPSGIAD7
Visa,4532163652603379,Miles Wehner,11/23,MX06115842558870155666503033,CXVJKNXFUJE
MasterCard,5417850409107756,Darby Fritsch,09/24,LC34333051976041595887282161,MCIZRRGJ58R
MasterCard,2720670592730076,Chesley Muller III,07/25,SY07751746855827184839783847,IDEUXFGNUX4
MasterCard,5556716510457938,Opal Hane,04/25,SO60996373611562163034775445,JZSATC2AGQ4
MasterCard,2221531942274690,Mr. Jameson Reinger,10/23,GW74751416573096229133704295,VTRTAOH2KU6
MasterCard,2221775384370462,Dr. Herbert Mann,05/24,SV26240088299455995479073630,WYAHQAWW1CH
MasterCard,2519695479590553,Edyth Durgan MD,06/24,BS95345798977101636546138497,FBCJVSC9
MasterCard,2310783024361489,Mrs. Halie Schulist MD,08/25,YT26415717228219295766170923,CEOVSAWB8ZE
Visa,4716421732450775,Roger Turcotte,09/24,AE842244470107688090093,KZZXOGOT
MasterCard,2445767423433948,Dr. Tyreek Brown,02/24,NP68773762435862358856979484,LFVCJYUO
Visa,4556763129324383,Coralie Price,10/23,AS49809089320947827061678063,IETFOCKHOX3
Visa,4539131450067751,Mr. Sage Donnelly MD,11/23,BT50986546149207915121612049,UQUODYEP
Visa,4916026164813354,Alexie Nikolaus,05/25,NE66297932097117515827910774,QGRPHX7PFKO
MasterCard,5496401303535306,Shanna Connelly,02/24,AO05978765786346404160637479,KYDODP1D
MasterCard,5277825634522119,Mrs. Marjorie Johnson,12/24,ZM24948469194519244963832277,DXPQQV8I
Visa Retired,4929791852805,Cooper Kuhic,09/23,GT5900KELHD8H80UUB46NXTU3444,JZJQFN6P
MasterCard,2346074099838165,Lonny Mayer,08/25,NP31563812508789398920763012,OOAGWRG8AC2
Visa,4532039774986696,Dr. Elouise Macejkovic,05/23,SB09051766492528603229609400,XVOIEEOT
Visa Retired,4485260132450,Kylee Batz,02/24,DO66Z9U986284440723274055960,PCOKOO2M
MasterCard,5168032426148599,Arch Crist,12/22,ZW23248796414464927070545165,YOABPOHG
Visa,4539041467808016,Kennith Shanahan,04/23,SL12016788242210558162670356,TVNFZZFKCM6
Visa,4716179884880393,Kirk Dare,11/23,UG37023281289358061723433702,AVZZYNOU
Visa,4238582655509407,Mable Crist,08/24,DZ61435062586458131134463070,YATAIUEPD8W
Visa,4532298757517825,Dr. Eunice Schmitt,06/23,FM02677133988403726069494096,PAMDWALJ
American Express,341551559975982,Lourdes Carroll,07/25,VC88392669867616487640606627,VWVRBEH1
Visa,4916222607858722,Ayana Dare III,09/23,AT660087981946041232,OSEAKK6Z
MasterCard,2616951344085804,Tyrel Bednar,06/25,MO96109001628210108797136455,ARVXLXIE4UD
Discover Card,6011149380988815,Dr. Caesar Jenkins II,10/25,PS14CDLGT8FFFBZG4X65MXC7T3TBT,YBVKOUKABPR
Visa,4916157844594203,Lucas Cronin,11/22,NC02947137790279260329504797,GPNTJBNVXWP
Visa,4929218575623218,Ms. Alanis Gibson Sr.,11/23,TM03611258992199580212920616,TEZISOB0XV2
MasterCard,2221693662052514,Dr. Noemie Harvey,06/24,PT56935177078436928382525,VRMZMBUC
Discover Card,6011713578405930,Prof. Ima Gerlach DDS,11/23,JO23625453756032622179727744,OUIFDP3L
JCB,3528864643519511,Litzy Muller,07/23,CI91822826028336434972943840,OUUBVWOUFQX
Visa Retired,4556768685528,Mrs. Bernice Torp,11/22,ZA02743424512084169136550203,ZAMGHFWF
MasterCard,2221716481397446,Miss Romaine Zieme,10/25,KI98726624310288539874375085,QPAAFA4V
Visa,4024007116975896,Maxime Mraz,05/23,BD58571537790629798424090834,PSJHKX1W
Visa,4916421387363123,Melissa Lind,12/22,BM36114533067562061116468555,WLZPSHPR
Visa Retired,4024007196609,Damon Gleason,12/22,VC75347113518759667358892856,ATLVLF83
Visa,4929521364786132,Tavares Gerlach III,03/25,IT04D11961224680T6QYM22GS32,YTUILH3J
MasterCard,5228331084692882,Matilde Gutkowski,08/24,CA87950365993775770114227879,FQUNSI6GESU
Visa,4542254253446058,Christopher Becker,05/24,KW44WWSY8292408045235348938926,VYUKCDTORWY
MasterCard,5411882646466238,Miss Alana Littel,11/23,SM53X83508905263HPS3ZN2269Q,HVZDGPO308I
MasterCard,2221297081327877,Prof. Bertrand Ward,08/25,CZ7262420813492663276498,NPKYWQPETNX
Visa,4556733668950583,Marjolaine Mayert,08/23,ER52724107301096758030662910,UWKIVS207FG
MasterCard,5509279067579115,Dr. Tyreek Quigley Jr.,07/25,GE28LO9085882993329346,GLHQMIFVEKB
MasterCard,2221465396873899,Mr. Albert Will III,04/25,LV29WEXCJYW1UTJM63833,PRWZCYSHF8M
MasterCard,2642083852775671,Rosemary Cassin Sr.,05/23,GD86859092256514674354578675,VXKGTU0E
JCB,3528807590838806,Prof. Ismael Wyman,08/24,WF71500261827083866367636098,SORBFD5528K
Visa Retired,4127188325960,Israel Zemlak V,03/23,LY13024818679627977527275701,FQCYBB45D6J
American Express,345507082282474,Kelsi Welch,11/25,KG41968175225923795945843114,DIDFUPBE
MasterCard,5152464332216939,Prof. Andres Conn,09/23,MM13517387121413579370776865,EMYPXWUS
MasterCard,5192386216915934,Jarret Grant,12/22,GQ38284062785297683484512775,HHEPDGHPN5K
Visa Retired,4556508211841,Prof. Rupert Carroll IV,02/25,CL36548888000585110149700952,BSDREKW8AAZ
Visa,4539028617130805,Adrian Hammes,10/23,VI94243742492810132977445365,ASQQZWNF
Visa,4929327541275829,Eloise Hauck MD,07/25,TF64114893997653005212676027,MQDHAKYZ
Visa Retired,4532258092608,Priscilla O'Connell,05/24,AW76953119143680080358567525,PBZBTXXM
MasterCard,2328633488126979,Alda Bradtke,01/25,SD77089878588925706349108283,KVHMHGJL38B
MasterCard,5262047193718189,Mrs. Albertha Trantow Sr.,04/24,AL1204177005DTI8AW15UUN078CJ,DJBDKGFB042
MasterCard,2588367627587156,Mr. Rosendo Zboncak,11/24,AF98758380176372399460108587,CHZMCQEC
Visa,4539927884704939,Keith Ortiz II,05/25,BB26562262023946774801947053,RVDNKMD2GNN
MasterCard,5150141782619372,Bradly Schowalter,07/23,BM52041328813095604989131462,XBRIQOX8URZ
JCB,3589682243931233,Trudie Crist,04/24,HT58303803183418203072955765,VFNIWU0H
Visa,4916563531559575,Lisandro Lockman,12/23,TD24560084532491761838841054,NSOCFIXYEEA
Visa,4916501585488002,Danny Muller DVM,12/24,QA06423264531335636932640402,PJGFNZ6P
MasterCard,5589617976951698,Mrs. Vesta Schinner IV,08/25,GS89677917808731289572714490,LSZGKHU99JV
Visa,4024007102683322,Prof. Shaniya Blanda,07/24,PL50851048741973159532268386,VTQJFXEMZ2K
Discover Card,6011204696809997,Dortha Lueilwitz,06/25,UG68030494132176623253063028,PHEUHWD6
MasterCard,5305302595865818,Nia Bergnaum,10/25,TK20898617519997769066684630,QEXFKM65
MasterCard,5320312069735869,Mr. Jaquan Tromp DDS,01/23,EC45395290171988962548608061,RMICEUN8
Discover Card,6011020930393618,Maeve Jakubowski,05/23,PY32500307275107460982520181,LZEZJL85
MasterCard,5397575259848738,Howell Deckow,05/25,TK59590228409415889965504341,WPRSDVYT
Visa,4532079820055534,Jannie Swift,12/22,NR02934299420701823896557061,BOURYZ9OR6Q
MasterCard,2552707210460810,Prof. Ervin Conroy I,09/24,AR88906179110920889351585683,ZIZTKWKO
Visa Retired,4485398925205,Dr. Dangelo Schmidt Jr.,05/24,TG50039403636342333646788651,YCLXOVWG
Discover Card,6011075460493998,Dr. Herminio Anderson,02/25,PR64908594547926143894033568,TSLQJVR4
MasterCard,5108362734001468,Gwen Wilkinson,10/24,MA32261617194370889582146205,ELCPOSV2VU2
Visa,4532010980540320,Darrel Dickinson,02/25,SD91991768070862883332171484,XHRVWSQI
Visa,4556151875280290,Katrina Hodkiewicz DVM,10/24,FO56656915458003891439261649,LVBCPOIO9BP
Visa,4556950077289276,Chris Schamberger MD,09/23,GM52915905128149744011609072,WUYAKYGH
MasterCard,2221003563609174,Miss Jannie Monahan DDS,02/25,SX30404592486231662456082100,CURHTL9XIJ6
MasterCard,5550912441057923,Ms. Kirsten Ward,11/23,NU28934776797684489729946833,JRRLUTFI
Visa Retired,4532851005064,Vergie Terry,11/22,FI3040975442912299,XDPZDIX0R32
MasterCard,2304060851822828,Prof. Alva Anderson,01/24,WF05196805395180903649055737,WKTEVOGAVRD
Visa,4539701027341143,Eliza Hickle,10/25,ES0549160420917656653546,EBILAXWO
Visa,4703400190370142,Samara Rohan Jr.,03/23,LI7572644JFT71R5P0128,XMTPJB90JOZ
JCB,3589071615600115,Mrs. Flo Daniel DVM,09/23,RE55947601764991966200281225,SEBNOZA3SYJ
MasterCard,5288119640693347,Dr. Johnathon Botsford,06/25,BM45707002793555381378577143,GSUMHRQBPDX
Visa Retired,4485953605671,Verner Wiza,05/24,SX07676110539481984094898253,XUSLYRWW
MasterCard,5341295221410502,Glenda Quitzon IV,02/24,ME04100500939706496653,JVFFWHK5J51
MasterCard,2532689657824143,Maybell Rodriguez I,09/23,NL68TYWJ0917502849,KJPOZMWY1KB
MasterCard,2221521691442804,Lavinia Turner,04/23,HN54479312273338762391782504,UFDIGQUDIWU
Visa,4033832259341658,Nelson Rice IV,10/24,ID32769692418589768424010860,GXAARZ06A50
MasterCard,2661380123286496,Americo Hansen,04/24,BR8963911517557726482204568L2,XSTESK2B
Visa,4916896834817757,Theodora Rutherford,10/25,MS40760542728742591146414340,TTRZCRJU
MasterCard,5245546668138015,Vada Schamberger,04/24,BW90719770247225606782829265,TVQEZVQ1HJC
MasterCard,2720978253941266,Ignatius Jakubowski,09/25,CL23775127948015444691350722,XEPYGURVBNO
Visa,4916029899215127,Dr. Francis Wisozk,11/23,UA77359280260680056941768228,KCQVVG3PUUA
MasterCard,5176327635086816,Elouise Kuvalis,10/23,UY49947437516126102312016904,NOEVVRRC
Visa Retired,4929262230036,Mr. Leone Reichert,01/23,TV54483444438479160233826062,HYACTYMQCGA
MasterCard,2720394267885970,Jaquan Klein,08/24,JM85986063424235782541625426,GGDNPG8OX24
Visa Retired,4532367317508,Dr. Morgan Hegmann I,10/23,MH14701529681266211710445794,WRESNHJXXRR
Visa,4556082681086805,Dr. Joyce Carter II,02/23,CY972808347161848UL1FKMS2WTS,YIGWZB3G
Visa Retired,4916230057526,Ramon Rice,12/23,NL36LFBI4875700249,VPGUTLDIQY2
MasterCard,2532715099349017,Danial Friesen Jr.,08/24,AT336681281205067788,YWPQKDWX1NT
MasterCard,5290534981722669,Prof. Ron Roob V,10/24,CI09673788071176840409349264,LUEQEC41
Visa Retired,4929440123590,Dewitt Connelly,02/23,LV80KUTIMTCG393G38G1Y,QJNZJDW2OO8
